{
  "app_files/vite.config.ts": 1777768260.263752,
  "app_files/src/App.tsx": 1777768260.263472,
  "app_files/src/main.tsx": 1777768260.2636313,
  "README.md": 1777738978.2229779,
  "AGENTS.md": 1777768436.8028958,
  "CLAUDE.md": 1777768440.459724,
  "research/overview.md": 1777740009.6307888,
  "research/prompts/research-prompt-v1.md": 1777738978.2293193,
  "research/raw/comprehensive-lit-review.md": 1777738925.26572,
  "research/raw/landscape-brief.md": 1777738925.2681134,
  "research/raw/deep-research-report.md": 1777738925.2633498,
  "content/README.md": 1777740009.6307178,
  "content/domains.md": 1777740009.630804,
  "content/layers/relationships.md": 1777740009.6582491,
  "content/layers/emotion.md": 1777740009.6628077,
  "content/layers/self-identity.md": 1777740009.6628227,
  "content/layers/motivation.md": 1777740009.630759,
  "content/layers/personality.md": 1777740009.6307378,
  "content/layers/cognition.md": 1777740009.6307738,
  "app_files/index.html": 1777768260.263213,
  "docs/Psyche Map PRD v3.0.md": 1777740943.300258,
  "docs/Psyche Design System v4.0.md": 1777742901.286431,
  "docs/Psyche Design System v3.0.md": 1777740896.813445,
  "docs/Psyche Map PRD v4.0.md": 1777741616.6722286,
  "docs/archive/design-v1.md": 1777738925.2610643,
  "docs/archive/prd-v1.md": 1777738978.2361853,
  "docs/archive/prd-v2.md": 1777738925.2563446,
  "docs/archive/design-v2.md": 1777738925.2582452
}